user_id,timestamp,merchant_name,amount
user_2,2024-01-18 00:00:00,Starbucks,969.9069367908
user_9,2024-01-02 00:00:00,Walmart,644.2871463147852
user_8,2024-01-03 00:00:00,eBay,513.7237440717531
user_7,2024-01-11 00:00:00,Netflix,758.3234617720618
user_7,2024-01-10 00:00:00,Netflix,584.0628360120488
user_3,2024-01-10 00:00:00,eBay,910.6405921650797
user_7,2024-01-20 00:00:00,eBay,806.0341071881256
user_1,2024-01-04 00:00:00,Amazon,565.5379355929435
user_8,2024-01-17 00:00:00,Walmart,544.2585205978344
user_6,2024-01-29 00:00:00,Uber,896.6282538468927
user_2,2024-01-22 00:00:00,eBay,979.2850147371262
user_7,2024-01-07 00:00:00,Amazon,814.5608084737148
user_8,2024-01-06 00:00:00,Target,583.2379819393861
user_3,2024-01-30 00:00:00,Apple,573.7756117925031
user_8,2024-01-18 00:00:00,Uber,696.3609695905543
user_6,2024-01-30 00:00:00,Starbucks,708.8559189859873
user_5,2024-01-15 00:00:00,Target,894.7915997458917
user_1,2024-01-31 00:00:00,Uber,870.3888199788746
user_2,2024-01-22 00:00:00,eBay,776.950572788935
user_9,2024-01-29 00:00:00,Amazon,502.6580297056687
user_6,2024-01-11 00:00:00,Apple,833.6202672110608
user_10,2024-01-17 00:00:00,Walmart,646.902119522108
user_10,2024-01-18 00:00:00,eBay,573.3814939920735
user_4,2024-01-06 00:00:00,Uber,530.2300382228269
user_7,2024-01-11 00:00:00,eBay,897.8323875258739
user_6,2024-01-27 00:00:00,Apple,763.9408175671476
user_4,2024-01-11 00:00:00,Starbucks,698.0960022108696
user_5,2024-01-04 00:00:00,Netflix,893.9132303754516
user_2,2024-01-22 00:00:00,Uber,671.4210051296952
user_9,2024-01-04 00:00:00,Walmart,699.277014043197
user_4,2024-01-25 00:00:00,eBay,540.9663240487628
user_8,2024-01-29 00:00:00,Uber,676.0807701528987
user_9,2024-01-28 00:00:00,Target,791.3101380437307
user_7,2024-01-22 00:00:00,eBay,736.1078029404399
user_5,2024-01-03 00:00:00,Walmart,926.7369340131594
user_6,2024-01-05 00:00:00,Uber,663.668515437868
user_9,2024-01-05 00:00:00,Netflix,826.0449756074124
user_6,2024-01-04 00:00:00,Walmart,515.5381374260594
user_6,2024-01-12 00:00:00,eBay,817.0215742428647
user_6,2024-01-08 00:00:00,Uber,667.0453407723246
user_1,2024-01-28 00:00:00,Apple,792.8701509426162
user_6,2024-01-26 00:00:00,eBay,589.9752815001245
user_7,2024-01-03 00:00:00,Netflix,907.8290353808652
user_2,2024-01-23 00:00:00,eBay,881.0911852967021
user_3,2024-01-22 00:00:00,Netflix,517.7886445715833
user_5,2024-01-13 00:00:00,Apple,950.025648347492
user_5,2024-01-26 00:00:00,Apple,976.7817785297336
user_9,2024-01-28 00:00:00,Target,578.1958939959352
user_3,2024-01-26 00:00:00,Target,760.8281090751034
user_3,2024-01-31 00:00:00,Uber,773.9362916844134
user_1,2024-01-06 00:00:00,Walmart,34.027311615942935
user_1,2024-01-06 00:00:50,Walmart,80.59673486561567
user_1,2024-01-06 00:01:40,Walmart,43.22330509057428
user_1,2024-01-06 00:02:30,Walmart,96.50415670441974
user_1,2024-01-06 00:03:20,Walmart,19.35063422916339
user_1,2024-01-06 00:04:10,Walmart,70.80123585675696
user_1,2024-01-06 00:05:00,Walmart,34.778029322443885
user_1,2024-01-06 00:05:50,Walmart,18.354747099858812
user_1,2024-01-06 00:06:40,Walmart,17.616922818178107
user_1,2024-01-06 00:07:30,Walmart,79.09960083772769
user_1,2024-01-06 00:08:20,Walmart,33.27821806979242
user_1,2024-01-06 00:09:10,Walmart,49.44336302872207
user_1,2024-01-06 00:10:00,Walmart,47.28189736069723
user_1,2024-01-06 00:10:50,Walmart,39.065542365417386
user_1,2024-01-06 00:11:40,Walmart,32.88164076228706
user_1,2024-01-06 00:12:30,Walmart,43.785457646940294
user_1,2024-01-06 00:13:20,Walmart,92.1072275259812
user_1,2024-01-06 00:14:10,Walmart,50.58161455317983
user_1,2024-01-06 00:15:00,Walmart,66.3381989555737
user_1,2024-01-06 00:15:50,Walmart,57.93952621450304
user_2,2024-01-11 00:00:00,Amazon,81.22805903872373
user_2,2024-01-11 02:00:00,Amazon,116.0316100701517
user_2,2024-01-11 04:00:00,Amazon,188.49499652346645
user_2,2024-01-11 06:00:00,Amazon,58.70605432613508
user_2,2024-01-11 08:00:00,Amazon,52.43743441393072
user_2,2024-01-11 10:00:00,Amazon,190.68336327918746
user_2,2024-01-11 12:00:00,Amazon,174.12702909683733
user_2,2024-01-11 14:00:00,Amazon,104.36996021129247
user_2,2024-01-11 16:00:00,Amazon,150.01106471024974
user_2,2024-01-11 18:00:00,Amazon,113.0548518993514
user_2,2024-01-11 20:00:00,Amazon,88.13602066562933
user_2,2024-01-11 22:00:00,Amazon,36.36967589723976
user_2,2024-01-12 00:00:00,Amazon,135.67211314540162
user_2,2024-01-12 02:00:00,Amazon,86.07773295228903
user_2,2024-01-12 04:00:00,Amazon,168.55447070095028
user_2,2024-01-12 06:00:00,Amazon,185.9338496833336
user_2,2024-01-12 08:00:00,Amazon,81.56425212811504
user_2,2024-01-12 10:00:00,Amazon,174.2681870001386
user_2,2024-01-12 12:00:00,Amazon,55.6446220911145
user_2,2024-01-12 14:00:00,Amazon,197.20674236574837
user_2,2024-01-12 16:00:00,Amazon,159.5742007325794
user_2,2024-01-12 18:00:00,Amazon,134.66486553731596
user_2,2024-01-12 20:00:00,Amazon,142.40248795124222
user_2,2024-01-12 22:00:00,Amazon,43.03825760914275
user_2,2024-01-13 00:00:00,Amazon,168.58707904949202
user_2,2024-01-13 02:00:00,Amazon,105.9337482781009
user_2,2024-01-13 04:00:00,Amazon,175.38513751444088
user_2,2024-01-13 06:00:00,Amazon,114.10066027989248
user_2,2024-01-13 08:00:00,Amazon,33.01898774055816
user_2,2024-01-13 10:00:00,Amazon,129.3432595238536
user_3,2024-01-16 00:00:00,Starbucks,49.99
user_3,2024-01-16 00:00:40,Starbucks,49.99
user_3,2024-01-16 00:01:20,Starbucks,49.99
user_3,2024-01-16 00:02:00,Starbucks,49.99
user_3,2024-01-16 00:02:40,Starbucks,49.99
user_3,2024-01-16 00:03:20,Starbucks,49.99
user_3,2024-01-16 00:04:00,Starbucks,49.99
user_3,2024-01-16 00:04:40,Starbucks,49.99
user_3,2024-01-16 00:05:20,Starbucks,49.99
user_3,2024-01-16 00:06:00,Starbucks,49.99
user_6,2024-01-04 00:00:00,Target,482.4428960118752
user_6,2024-01-04 00:00:00,Target,484.7724850986177
user_4,2024-01-14 00:00:00,Target,486.8723125217393
user_10,2024-01-08 00:00:00,Target,493.434209227754
user_5,2024-01-12 00:00:00,Target,485.483186490062
user_1,2024-01-05 00:00:00,Target,484.7243857220366
user_5,2024-01-14 00:00:00,Target,471.9003546862574
user_9,2024-01-21 00:00:00,Target,488.8376988504546
user_6,2024-01-09 00:00:00,Target,473.2879056698411
user_6,2024-01-13 00:00:00,Target,475.92617020981936
user_8,2024-01-18 00:00:00,Target,487.509885094665
user_4,2024-01-13 00:00:00,Target,482.57764101128754
user_4,2024-01-04 00:00:00,Target,487.8463122455879
user_1,2024-01-08 00:00:00,Target,486.51066631522735
user_9,2024-01-02 00:00:00,Target,474.0442950548414
user_8,2024-01-13 00:00:00,Target,479.00814821290214
user_9,2024-01-08 00:00:00,Target,478.10173518067944
user_9,2024-01-16 00:00:00,Target,473.60936401988926
user_5,2024-01-04 00:00:00,Target,480.86440285491375
user_9,2024-01-17 00:00:00,Target,488.0757856142687
user_2,2024-01-04 00:00:00,Target,495.37149677211164
user_3,2024-01-03 00:00:00,Target,490.8715559732395
user_7,2024-01-02 00:00:00,Target,477.1082106133652
user_10,2024-01-09 00:00:00,Target,482.1543813449431
user_6,2024-01-19 00:00:00,Target,488.78928352489595
user_4,2024-01-18 00:00:00,Target,486.33581400022626
user_8,2024-01-15 00:00:00,Target,498.987711330276
user_10,2024-01-01 00:00:00,Target,487.7315255679916
user_7,2024-01-01 00:00:00,Target,489.8645799893141
user_7,2024-01-17 00:00:00,Target,492.48109715965035
user_10,2024-01-14 00:00:00,Target,490.90312029570293
user_1,2024-01-10 00:00:00,Target,480.8240495618014
user_9,2024-01-13 00:00:00,Target,496.2177576453002
user_7,2024-01-16 00:00:00,Target,490.428967728954
user_6,2024-01-01 00:00:00,Target,494.03813416626565
user_6,2024-01-10 00:00:00,Target,479.0475485221427
user_7,2024-01-02 00:00:00,Target,486.38755684096634
user_9,2024-01-15 00:00:00,Target,488.43611346395704
user_6,2024-01-15 00:00:00,Target,493.96640712108666
user_9,2024-01-09 00:00:00,Target,477.55837466015424
user_8,2024-01-03 00:00:00,Target,479.1648888046416
user_10,2024-01-07 00:00:00,Target,493.1838218556386
user_8,2024-01-03 00:00:00,Target,484.63126362682794
user_8,2024-01-05 00:00:00,Target,495.88877275959
user_5,2024-01-20 00:00:00,Target,486.0085993834042
user_6,2024-01-01 00:00:00,Target,473.55583440622524
user_9,2024-01-16 00:00:00,Target,487.7231579894176
user_9,2024-01-01 00:00:00,Target,492.8177086046168
user_8,2024-01-12 00:00:00,Target,486.3691745360502
user_10,2024-01-02 00:00:00,Target,490.6075777386742
user_7,2024-01-02 00:00:00,Target,493.01083134015175
user_3,2024-01-20 00:00:00,Target,490.33443758848097
user_10,2024-01-12 00:00:00,Target,496.5965856246826
user_4,2024-01-03 00:00:00,Target,472.45007468204153
user_8,2024-01-17 00:00:00,Target,498.83213255741606
user_5,2024-01-07 00:00:00,Target,498.1916025528406
user_3,2024-01-08 00:00:00,Target,497.96801120857384
user_1,2024-01-04 00:00:00,Target,493.1050333597101
user_9,2024-01-19 00:00:00,Target,475.6717982058848
user_2,2024-01-06 00:00:00,Target,494.1965320947705
user_4,2024-01-26 00:00:00,Uber,40.42729099210021
user_4,2024-01-26 06:00:00,Uber,23.211223964058746
user_4,2024-01-26 12:00:00,Uber,32.36042482390399
user_4,2024-01-26 18:00:00,Uber,22.548449674344035
user_4,2024-01-27 00:00:00,Uber,35.20998613435125
user_4,2024-01-27 06:00:00,Uber,47.96626289937788
user_4,2024-01-27 12:00:00,Uber,38.819513623346836
user_4,2024-01-27 18:00:00,Uber,24.575940927959792
user_4,2024-01-28 00:00:00,Uber,18.3737520330266
user_4,2024-01-28 06:00:00,Uber,44.7654747111179
user_5,2024-01-09 23:58:00,Starbucks,200.53131820472672
user_6,2024-01-31 11:43:00,Amazon,152.62145337959757
user_3,2024-01-01 14:45:00,Uber,688.4494835972687
user_2,2024-01-03 08:33:00,Uber,898.0852991780741
user_5,2024-01-18 01:22:00,Netflix,837.0727615204004
user_5,2024-01-17 21:33:00,Netflix,369.43164502457535
user_7,2024-01-13 03:42:00,Amazon,52.50256608524343
user_9,2024-01-09 02:45:00,Netflix,183.7702820650744
user_3,2024-01-21 04:32:00,Walmart,754.9510995345237
user_4,2024-01-07 10:39:00,Walmart,821.6933868141319
user_4,2024-01-08 12:24:00,Netflix,202.917607798467
user_2,2024-01-22 13:21:00,Apple,825.5522925323311
user_5,2024-01-10 04:07:00,Walmart,823.6055388899783
user_10,2024-01-19 11:29:00,Amazon,826.7439544615304
user_8,2024-01-20 05:04:00,Uber,715.4344181400988
user_9,2024-01-31 08:25:00,Netflix,489.82627235301527
user_7,2024-01-19 02:33:00,Uber,53.984330006993005
user_7,2024-01-12 23:08:00,Uber,685.2959365972312
user_6,2024-01-04 10:00:00,Walmart,599.0194042425597
user_8,2024-01-31 18:16:00,Apple,35.51662712788419
user_7,2024-01-05 13:08:00,Amazon,745.0141845236625
user_8,2024-01-06 21:55:00,Target,237.10108799744734
user_9,2024-01-20 12:26:00,Target,980.6283440434778
user_4,2024-01-20 14:33:00,Netflix,439.6845621431437
user_7,2024-01-31 13:30:00,Uber,431.842087868821
user_6,2024-01-08 08:51:00,eBay,653.1270034066184
user_10,2024-01-16 12:18:00,Amazon,839.1541041476346
user_4,2024-01-12 19:50:00,Walmart,963.7265607084128
user_2,2024-01-28 06:37:00,Walmart,834.8877845966573
user_6,2024-01-27 13:25:00,Amazon,959.0532291447653
user_1,2024-01-29 14:48:00,Amazon,187.57155008114776
user_10,2024-01-14 07:42:00,Walmart,291.28568606312854
user_9,2024-01-22 21:33:00,Starbucks,683.8804458751556
user_2,2024-01-28 15:51:00,Walmart,917.3413837097045
user_7,2024-01-25 22:49:00,Apple,382.22230932454625
user_10,2024-01-02 16:07:00,Starbucks,212.560409494561
user_9,2024-01-27 08:26:00,Amazon,298.76877984937005
user_3,2024-01-09 02:46:00,Amazon,481.2556263728025
user_3,2024-01-24 02:47:00,Amazon,345.410615726228
user_7,2024-01-01 00:41:00,Netflix,914.7365990409804
user_7,2024-01-06 10:28:00,Amazon,990.0738844476338
user_9,2024-01-22 03:29:00,Uber,242.8995779433376
user_9,2024-01-19 06:24:00,Netflix,749.934507848025
user_4,2024-01-03 12:56:00,Uber,695.6625228369345
user_5,2024-01-31 18:55:00,Apple,889.9645280125548
user_5,2024-01-29 11:12:00,Target,172.7511051308558
user_10,2024-01-07 05:15:00,Target,99.47234253730343
user_4,2024-01-05 02:50:00,eBay,221.19766362800573
user_10,2024-01-12 13:21:00,eBay,930.0288934618749
user_7,2024-01-30 02:44:00,Apple,807.4334765571746
user_2,2024-01-25 13:11:00,Starbucks,554.0288217212562
user_3,2024-01-25 13:36:00,Apple,24.668540985296296
user_4,2024-01-23 03:07:00,Amazon,640.5239006218364
user_3,2024-01-30 14:57:00,Starbucks,557.7899957135346
user_3,2024-01-06 07:48:00,Amazon,983.7093939767578
user_5,2024-01-11 08:51:00,eBay,654.90499040188
user_9,2024-01-08 13:50:00,Amazon,794.099733897247
user_6,2024-01-03 21:07:00,eBay,867.5749385261997
user_2,2024-01-21 10:14:00,Starbucks,388.5708472365567
user_4,2024-01-04 03:14:00,Amazon,500.47774116586544
user_9,2024-01-19 21:39:00,eBay,453.4918307695703
user_9,2024-01-02 21:26:00,Amazon,756.5564207020204
user_9,2024-01-13 16:28:00,eBay,142.13594764538604
user_6,2024-01-13 16:37:00,Amazon,688.8784433699876
user_7,2024-01-03 18:05:00,Uber,924.5560445519949
user_3,2024-01-31 13:20:00,Amazon,507.0240815581154
user_1,2024-01-08 08:21:00,Uber,693.9743774006224
user_7,2024-01-05 00:17:00,eBay,67.55567083438649
user_10,2024-01-03 15:51:00,Apple,24.32529432776148
user_7,2024-01-11 23:11:00,Netflix,786.528328415368
user_8,2024-01-03 16:58:00,Apple,944.8642251666583
user_5,2024-01-11 17:33:00,eBay,301.9248638616128
user_8,2024-01-11 07:24:00,Walmart,211.5241283696178
user_4,2024-01-10 07:41:00,Starbucks,667.5801044450654
user_9,2024-01-05 13:43:00,Uber,412.04706610580826
user_7,2024-01-01 13:19:00,Starbucks,807.4324256971827
user_2,2024-01-17 14:29:00,Amazon,627.92353879719
user_5,2024-01-02 01:24:00,Uber,889.3409385774394
user_10,2024-01-25 20:10:00,Target,921.1355009590777
user_9,2024-01-21 00:39:00,Apple,352.0962827632247
user_4,2024-01-20 14:43:00,Uber,285.6489298245275
user_1,2024-01-02 02:14:00,Netflix,159.39164899215962
user_10,2024-01-05 04:25:00,Walmart,526.7265269549306
user_8,2024-01-18 05:51:00,Apple,721.554090271318
user_1,2024-01-04 23:10:00,Starbucks,254.44299146961055
user_2,2024-01-19 12:21:00,Target,283.53406058886844
user_2,2024-01-25 00:51:00,Target,672.1869139767166
user_8,2024-01-30 08:22:00,Apple,119.6077361945493
user_9,2024-01-23 01:58:00,Uber,265.27305493822655
user_5,2024-01-25 12:14:00,Uber,883.0936687007921
user_6,2024-01-11 11:09:00,Starbucks,839.8975284041519
user_9,2024-01-26 02:11:00,Netflix,336.51835724791573
user_6,2024-01-22 07:18:00,Target,765.3553703777245
user_2,2024-01-08 07:26:00,Uber,509.63123930125505
user_1,2024-01-28 01:45:00,Walmart,134.62388377415576
user_3,2024-01-02 06:04:00,Amazon,771.5559625986244
user_2,2024-01-04 12:55:00,eBay,750.3186186651199
user_10,2024-01-01 04:01:00,Apple,422.8492013169164
user_6,2024-01-13 10:30:00,Uber,715.2769107575106
user_10,2024-01-04 03:41:00,eBay,662.4864294887266
user_5,2024-01-06 02:28:00,Uber,558.4071606696516
user_9,2024-01-19 21:02:00,eBay,791.7380314666136
user_7,2024-01-14 13:24:00,Netflix,692.6754005617898
user_7,2024-01-23 05:26:00,Amazon,395.6761618570147
user_7,2024-01-13 13:39:00,Walmart,74.11860735538828
user_3,2024-01-07 03:48:00,Target,274.5727503536051
user_6,2024-01-28 19:58:00,Walmart,69.59987621126871
user_4,2024-01-02 01:02:00,Walmart,763.173520124297
user_9,2024-01-17 04:50:00,Starbucks,783.8728818544993
user_2,2024-01-02 15:43:00,Netflix,504.44916861790955
user_10,2024-01-07 03:44:00,eBay,299.33998420702346
user_3,2024-01-30 21:41:00,Amazon,482.76004229358
user_10,2024-01-21 03:33:00,Netflix,571.127832576066
user_3,2024-01-10 08:46:00,Netflix,768.5616116903612
user_2,2024-01-13 12:03:00,eBay,629.7662691227848
user_1,2024-01-27 15:55:00,Walmart,69.0918609706413
user_10,2024-01-17 01:49:00,Netflix,264.8128564152731
user_8,2024-01-16 03:05:00,Walmart,22.212826636055503
user_4,2024-01-24 10:39:00,Netflix,964.0774855707053
user_5,2024-01-25 06:50:00,Uber,87.28704711481046
user_3,2024-01-04 01:08:00,Uber,668.4305848485146
user_2,2024-01-05 18:35:00,Starbucks,622.1994138083971
user_6,2024-01-21 12:58:00,Starbucks,548.8697969999298
user_7,2024-01-12 16:45:00,Apple,635.7005102202528
user_3,2024-01-25 05:13:00,eBay,766.9875411304811
user_1,2024-01-08 19:13:00,Target,855.410268335987
user_6,2024-01-09 02:39:00,Apple,589.6097662485702
user_7,2024-01-23 15:55:00,Target,493.118349489204
user_9,2024-01-22 13:17:00,Apple,293.5771915720197
user_3,2024-01-15 23:00:00,eBay,162.4540678322993
user_10,2024-01-22 13:23:00,Uber,721.4109647850373
user_6,2024-01-05 07:03:00,Amazon,538.8514200303929
user_6,2024-01-09 11:18:00,Starbucks,350.4499482819415
user_4,2024-01-01 11:33:00,eBay,465.5739547541582
user_4,2024-01-21 16:44:00,Amazon,566.6036946047075
user_5,2024-01-21 10:08:00,Target,477.6959030270376
user_2,2024-01-21 01:49:00,Netflix,836.5747228591679
user_5,2024-01-14 01:16:00,Apple,461.670303323524
user_2,2024-01-29 20:06:00,Walmart,821.607112295616
user_10,2024-01-23 15:37:00,Netflix,288.77605397068066
user_10,2024-01-24 16:58:00,Walmart,185.3683786271127
user_8,2024-01-10 20:08:00,Netflix,906.2052136498837
user_1,2024-01-07 13:54:00,eBay,144.34287898525997
user_5,2024-01-30 08:42:00,Uber,348.8611284495934
user_4,2024-01-07 09:09:00,Apple,505.37158741308036
user_7,2024-01-20 02:14:00,Walmart,951.2132738646562
user_7,2024-01-03 01:55:00,Netflix,715.0569635072895
user_6,2024-01-11 13:36:00,Walmart,487.4185760238896
user_1,2024-01-22 03:59:00,Apple,59.61195480633691
user_9,2024-01-18 14:59:00,Amazon,237.92848218719786
user_5,2024-01-03 07:14:00,Amazon,722.2484273733861
user_10,2024-01-01 20:15:00,Netflix,537.2847090007208
user_6,2024-01-21 01:34:00,Target,686.9443703221873
user_7,2024-01-19 20:42:00,Target,498.00566938533825
user_9,2024-01-01 12:07:00,Amazon,564.090497585985
user_1,2024-01-13 10:07:00,eBay,241.95732805132835
user_4,2024-01-13 12:15:00,Apple,989.7969956678724
user_7,2024-01-10 01:57:00,Netflix,347.2073874704117
user_7,2024-01-05 13:59:00,Apple,772.2809379589238
user_2,2024-01-30 13:06:00,Starbucks,176.81063696351976
user_8,2024-01-31 00:03:00,Target,526.1801813158456
user_7,2024-01-06 20:09:00,Uber,426.40263002442236
user_10,2024-01-11 17:56:00,Uber,338.0101579716755
user_7,2024-01-06 22:32:00,Walmart,576.063129439634
user_9,2024-01-31 13:24:00,Starbucks,840.525925891002
user_7,2024-01-25 10:47:00,Starbucks,370.4091912645543
user_3,2024-01-23 18:05:00,eBay,532.2561445017213
user_6,2024-01-05 05:33:00,eBay,893.8638294255495
user_3,2024-01-15 23:37:00,eBay,979.9427298153881
user_5,2024-01-07 03:47:00,Uber,570.6353553463531
user_4,2024-01-14 12:27:00,Netflix,472.2052632440066
user_9,2024-01-06 19:30:00,Amazon,500.61323349842286
user_10,2024-01-27 00:21:00,eBay,493.4835167867885
user_2,2024-01-29 03:59:00,Netflix,12.051023213512478
user_8,2024-01-08 06:33:00,Amazon,116.71426172867521
user_10,2024-01-03 19:58:00,Netflix,36.909781606797466
user_6,2024-01-04 04:29:00,Target,144.42721274228722
user_3,2024-01-19 15:47:00,Target,371.31340711522404
user_1,2024-01-01 03:21:00,eBay,524.0971359696133
user_1,2024-01-12 22:24:00,Amazon,717.7234074541598
user_8,2024-01-27 21:17:00,Walmart,355.1483517754095
user_4,2024-01-18 18:53:00,Starbucks,165.7953062460862
user_7,2024-01-11 08:48:00,Starbucks,452.9036755044532
user_4,2024-01-27 02:57:00,Netflix,560.7418664538891
user_5,2024-01-10 05:59:00,Netflix,764.0721624836051
user_7,2024-01-25 04:31:00,eBay,788.8301725393632
user_6,2024-01-10 08:39:00,Walmart,159.27987075166692
user_5,2024-01-08 10:24:00,Apple,137.0249843328206
user_6,2024-01-17 04:38:00,Amazon,335.54611364130875
user_1,2024-01-09 07:56:00,Starbucks,386.9692489234356
user_7,2024-01-07 18:38:00,Netflix,98.32332016576645
user_7,2024-01-16 03:05:00,Walmart,7.3853279180182945
user_8,2024-01-04 15:43:00,Target,61.76958751204529
user_1,2024-01-29 19:34:00,Apple,309.4988181435058
user_1,2024-01-21 12:52:00,eBay,350.23574323983615
user_1,2024-01-07 20:40:00,Netflix,718.9428563878681
user_4,2024-01-03 12:02:00,Uber,854.5977024811423
user_6,2024-01-01 14:09:00,eBay,86.18490760042853
user_4,2024-01-16 18:40:00,Netflix,565.8735107551038
user_8,2024-01-13 23:42:00,Amazon,681.4896954737612
user_3,2024-01-25 16:17:00,Starbucks,858.5315781340772
user_10,2024-01-26 22:24:00,Walmart,920.0407315586
user_5,2024-01-19 11:21:00,Amazon,825.7275487280294
user_4,2024-01-11 06:07:00,Netflix,379.81883621553476
user_2,2024-01-24 19:42:00,Uber,42.54817924598731
user_6,2024-01-28 15:20:00,Target,57.161031668070976
user_1,2024-01-31 09:37:00,Amazon,811.9014663182876
user_1,2024-01-30 18:11:00,eBay,42.405587307783726
user_4,2024-01-25 16:07:00,eBay,887.434779389452
user_2,2024-01-09 17:33:00,Starbucks,619.0864984140366
user_10,2024-01-28 17:14:00,Starbucks,55.129609010564636
user_3,2024-01-20 22:27:00,Amazon,645.0972057501666
user_3,2024-01-07 01:31:00,Apple,463.6434743285362
user_10,2024-01-23 05:03:00,Apple,812.3138538350698
user_10,2024-01-24 00:27:00,Netflix,213.0893135558977
user_1,2024-01-16 11:07:00,Target,199.8910279437169
user_7,2024-01-08 18:08:00,Walmart,851.5126762963074
user_3,2024-01-16 22:47:00,Starbucks,679.9882491522987
user_10,2024-01-18 23:52:00,Netflix,479.27894989210074
user_8,2024-01-20 17:17:00,Uber,349.7279183257542
user_10,2024-01-22 17:19:00,Target,35.20475686838114
user_4,2024-01-16 10:20:00,Apple,467.8590150572393
user_10,2024-01-20 18:54:00,Starbucks,836.8186279712061
user_3,2024-01-31 17:00:00,Amazon,416.52256580982674
user_8,2024-01-29 05:21:00,Walmart,80.23442686932925
user_5,2024-01-28 15:11:00,Apple,906.9055513986993
user_6,2024-01-21 03:08:00,Target,19.95058680414709
user_8,2024-01-22 00:26:00,Amazon,743.7523844199295
user_9,2024-01-25 13:27:00,Starbucks,196.41882807617026
user_2,2024-01-13 14:26:00,Starbucks,722.8247077801826
user_8,2024-01-29 01:04:00,Amazon,578.9221259686375
user_7,2024-01-21 07:30:00,Walmart,851.3900526571271
user_5,2024-01-24 10:03:00,eBay,413.69643864309444
user_5,2024-01-05 07:36:00,Apple,397.34460261559616
user_7,2024-01-29 08:14:00,Netflix,410.01794243908273
user_6,2024-01-02 21:06:00,Apple,947.2851714673908
user_1,2024-01-22 13:19:00,Target,929.5678788650522
user_3,2024-01-05 16:46:00,Target,381.13563080035465
user_10,2024-01-19 03:11:00,Netflix,179.42345965384482
user_6,2024-01-23 21:55:00,Target,437.792413830905
user_2,2024-01-21 01:06:00,Uber,726.7773624344959
user_5,2024-01-26 07:04:00,Amazon,673.0818472379912
user_10,2024-01-03 08:25:00,Walmart,573.9843622380312
user_4,2024-01-28 06:23:00,eBay,496.7647487826833
user_2,2024-01-15 09:11:00,Amazon,552.067884844686
user_5,2024-01-19 03:24:00,Walmart,941.5780212650692
user_4,2024-01-13 13:23:00,Target,537.5369727764785
user_8,2024-01-10 01:09:00,Amazon,358.1954531810323
user_9,2024-01-01 16:14:00,Walmart,331.6058411582625
user_4,2024-01-12 08:36:00,Amazon,757.32695684952
user_8,2024-01-08 13:06:00,Starbucks,352.43114016323545
user_6,2024-01-06 19:02:00,Walmart,131.5469184220743
user_10,2024-01-23 14:35:00,Uber,608.1420350775251
user_7,2024-01-06 00:54:00,Walmart,394.92871885605655
user_7,2024-01-10 23:45:00,Walmart,158.97026316251507
user_6,2024-01-29 04:33:00,Amazon,796.4875285333873
user_1,2024-01-05 14:54:00,Netflix,906.0300842249
user_7,2024-01-27 08:07:00,eBay,373.9042502937089
user_7,2024-01-06 09:53:00,Apple,667.0042354171723
user_7,2024-01-01 00:31:00,Target,685.6166277388951
user_8,2024-01-28 16:14:00,Walmart,634.1050653778183
user_5,2024-01-21 18:25:00,Apple,994.5579166671448
user_7,2024-01-26 21:58:00,Amazon,776.1823685688064
user_9,2024-01-19 10:38:00,Target,270.62992117267635
user_2,2024-01-05 15:28:00,Netflix,183.76677828878186
user_9,2024-01-11 04:36:00,Amazon,325.42437618562025
user_2,2024-01-17 16:01:00,Walmart,542.6504701448827
user_5,2024-01-29 23:30:00,Apple,321.1986848775578
user_4,2024-01-06 10:35:00,eBay,596.1302012714694
user_8,2024-01-22 01:21:00,Starbucks,347.8661399874948
user_3,2024-01-28 02:19:00,Amazon,74.36370318921782
user_3,2024-01-04 02:36:00,Target,206.19933982976517
user_7,2024-01-12 02:50:00,Apple,58.296209417592735
user_1,2024-01-12 02:39:00,Walmart,568.5442182746585
user_9,2024-01-27 12:21:00,Walmart,313.1238737543893
user_2,2024-01-18 17:35:00,Netflix,537.2792046811551
user_1,2024-01-13 09:08:00,Netflix,645.0840597779325
user_3,2024-01-13 05:18:00,Apple,870.5413446882626
user_3,2024-01-04 20:26:00,eBay,393.8848238910833
user_8,2024-01-05 12:12:00,Uber,739.6417720351368
user_3,2024-01-20 06:34:00,eBay,700.6078861242048
user_7,2024-01-06 16:30:00,Apple,236.69525134386672
user_8,2024-01-13 13:13:00,Target,468.17780369463816
user_9,2024-01-10 11:43:00,Netflix,801.4176478536901
user_5,2024-01-27 00:31:00,Netflix,186.3823929349424
user_7,2024-01-07 14:30:00,Starbucks,367.6814932635656
user_5,2024-01-05 21:10:00,Uber,364.11737468552974
user_9,2024-01-09 06:08:00,Apple,645.3555335812226
user_4,2024-01-06 07:19:00,Uber,77.72475960484645
user_2,2024-01-11 11:40:00,Apple,344.4752706869634
user_8,2024-01-22 09:56:00,eBay,482.64504927723704
user_10,2024-01-28 05:17:00,Target,992.7441355025157
user_3,2024-01-25 07:26:00,Starbucks,798.6568437004828
user_4,2024-01-24 23:57:00,eBay,897.033934954851
user_4,2024-01-18 00:31:00,Netflix,113.50614070103914
user_1,2024-01-28 21:44:00,Amazon,391.48060782897875
user_9,2024-01-03 00:50:00,Netflix,155.35342615193446
user_2,2024-01-17 16:58:00,Uber,524.3327591135558
user_7,2024-01-12 09:44:00,Netflix,362.87907153387374
user_6,2024-01-25 15:15:00,Walmart,802.3308073751773
user_1,2024-01-23 13:47:00,Target,996.885754525273
user_1,2024-01-06 21:55:00,Apple,860.8559197485336
user_5,2024-01-30 03:05:00,Starbucks,830.1289439102835
user_10,2024-01-13 14:56:00,Target,516.1978487996336
user_3,2024-01-08 02:54:00,Walmart,517.8021907998556
user_3,2024-01-26 14:34:00,Apple,47.15660988502823
user_10,2024-01-08 04:05:00,Netflix,509.65775055342834
user_3,2024-01-04 20:01:00,Uber,258.16928353438846
user_5,2024-01-17 14:29:00,Amazon,855.3327242521538
user_1,2024-01-15 23:40:00,Walmart,949.855095538788
user_8,2024-01-31 06:32:00,Apple,205.3616746717282
user_10,2024-01-14 21:15:00,Uber,247.37630786933846
user_5,2024-01-26 03:14:00,Uber,967.4580891791076
user_3,2024-01-11 17:43:00,eBay,930.7829703087185
user_2,2024-01-26 05:50:00,Walmart,182.13646192146976
user_9,2024-01-10 15:23:00,Netflix,513.4328265401713
user_3,2024-01-16 00:52:00,Uber,452.91696590615715
user_6,2024-01-19 12:29:00,Amazon,424.6249144987858
user_5,2024-01-03 06:53:00,Starbucks,516.4670890736684
user_8,2024-01-10 17:26:00,Apple,777.3449630029644
user_1,2024-01-10 08:39:00,Target,954.1592221497087
user_1,2024-01-14 19:59:00,Amazon,35.56108383208945
user_10,2024-01-16 00:13:00,Starbucks,16.901895607687
user_3,2024-01-05 06:49:00,eBay,279.2494026394951
user_7,2024-01-02 21:24:00,eBay,315.3563797509999
user_10,2024-01-11 21:33:00,Uber,446.8734104786232
user_4,2024-01-22 06:40:00,Starbucks,542.4644348635226
user_2,2024-01-01 03:48:00,Walmart,531.3218783201871
user_9,2024-01-27 08:41:00,Walmart,544.6524658668409
user_5,2024-01-09 11:40:00,Apple,800.0010303168984
user_6,2024-01-16 08:55:00,Netflix,515.3697545348357
user_8,2024-01-24 00:43:00,Starbucks,92.70862161466026
user_4,2024-01-14 12:14:00,Apple,422.93045521949375
user_2,2024-01-15 21:19:00,eBay,741.303448446061
user_4,2024-01-25 01:25:00,Uber,775.3909355631304
user_10,2024-01-26 10:52:00,Walmart,271.22881524983137
user_10,2024-01-30 18:06:00,Uber,780.6954237815497
user_9,2024-01-14 07:40:00,Starbucks,577.9164794950971
user_4,2024-01-11 08:11:00,Apple,670.8770583288984
user_9,2024-01-08 02:32:00,Netflix,700.1584001952687
user_7,2024-01-25 08:50:00,Starbucks,595.3987993671719
user_2,2024-01-18 12:26:00,Starbucks,743.6195696902539
user_9,2024-01-05 18:06:00,Amazon,878.5878785811439
user_9,2024-01-13 03:59:00,Amazon,794.7937615440344
user_6,2024-01-28 10:47:00,Apple,134.78643224957727
user_6,2024-01-07 09:50:00,Target,730.3493613866289
user_6,2024-01-27 12:32:00,Netflix,580.5439906593652
user_5,2024-01-05 01:26:00,Target,211.75095005234581
user_10,2024-01-12 20:55:00,Apple,283.91108644164854
user_3,2024-01-25 18:00:00,Amazon,613.5112432729559
user_4,2024-01-13 19:41:00,Walmart,10.990323157548337
user_5,2024-01-29 01:31:00,Target,883.8406532238779
user_7,2024-01-21 13:19:00,Target,395.10670213628026
user_1,2024-01-05 09:45:00,eBay,903.3915198846238
user_6,2024-01-07 21:24:00,Uber,860.7771802318317
user_5,2024-01-29 02:11:00,Starbucks,877.1092996744811
user_9,2024-01-26 13:27:00,Target,364.9662238073463
user_5,2024-01-15 19:27:00,Uber,245.16420095835525
user_7,2024-01-27 08:47:00,Walmart,788.7267684419801
user_2,2024-01-01 12:16:00,Walmart,284.6785827523645
user_3,2024-01-24 18:41:00,Netflix,669.2934639479737
user_4,2024-01-15 19:52:00,Starbucks,273.4768483975202
user_7,2024-01-22 16:18:00,Apple,614.1622120455348
user_2,2024-01-03 09:29:00,Starbucks,374.3728423073221
user_5,2024-01-07 03:00:00,eBay,502.60166845638054
user_1,2024-01-04 09:45:00,Uber,677.1321971739072
user_5,2024-01-05 09:15:00,Walmart,351.32889506433463
user_2,2024-01-09 09:42:00,Uber,420.78167792197627
user_6,2024-01-14 23:41:00,Apple,480.7348557890379
user_4,2024-01-23 16:24:00,Walmart,742.1143616319366
user_7,2024-01-11 20:23:00,Starbucks,25.139071574430485
user_2,2024-01-31 15:43:00,Target,215.56268456818836
user_5,2024-01-07 21:50:00,Uber,175.8751021524383
user_1,2024-01-22 05:25:00,eBay,9.637780338998668
user_7,2024-01-14 02:41:00,Apple,175.88374188545328
user_8,2024-01-08 11:06:00,Starbucks,833.6735013148523
user_4,2024-01-21 04:23:00,Uber,952.4155759455449
user_6,2024-01-03 02:32:00,Apple,100.33401772612417
user_5,2024-01-27 21:49:00,Netflix,178.72084657294116
user_9,2024-01-06 19:27:00,Target,211.88775939486908
user_4,2024-01-04 11:19:00,Starbucks,414.83070408749006
user_6,2024-01-27 18:41:00,Starbucks,689.8476471632914
user_1,2024-01-28 03:27:00,Target,74.92475520747739
user_9,2024-01-09 19:27:00,Walmart,457.6260655529857
user_2,2024-01-08 20:17:00,Walmart,9.71576871967353
user_7,2024-01-06 11:39:00,Netflix,347.2950536182996
user_5,2024-01-12 15:29:00,Uber,946.9070749868641
user_10,2024-01-20 19:33:00,Netflix,533.2833337200996
user_8,2024-01-19 14:58:00,Uber,397.53183638482477
user_4,2024-01-12 04:16:00,Target,858.1077493376846
user_9,2024-01-03 18:07:00,Apple,204.60595676814452
user_4,2024-01-15 18:57:00,Uber,445.9854072035388
user_8,2024-01-10 12:17:00,Target,741.6132671674532
user_6,2024-01-20 13:48:00,Starbucks,832.0284256207299
user_10,2024-01-17 05:45:00,Amazon,975.7979622534125
user_6,2024-01-21 23:49:00,Walmart,223.37764826584944
user_1,2024-01-17 01:22:00,Walmart,303.83103372285404
user_2,2024-01-30 08:55:00,Uber,961.9146595375917
user_6,2024-01-04 21:58:00,Walmart,839.3215192479803
user_7,2024-01-16 07:00:00,Apple,859.5784996834391
user_2,2024-01-09 00:30:00,Target,209.41464661513956
user_10,2024-01-08 02:58:00,Target,35.02190615642871
user_4,2024-01-04 05:59:00,Starbucks,710.452159277404
user_1,2024-01-26 14:38:00,Starbucks,607.7342446962858
user_6,2024-01-22 14:46:00,Uber,913.264513214616
user_2,2024-01-21 12:54:00,Amazon,971.0523863245984
user_7,2024-01-24 10:34:00,Starbucks,602.7632857036458
user_9,2024-01-23 05:33:00,Walmart,101.81702854240869
user_9,2024-01-07 10:47:00,Uber,581.6828543504855
user_8,2024-01-07 11:06:00,Apple,777.7558295651154
user_7,2024-01-16 09:23:00,Amazon,862.0701464354146
user_3,2024-01-31 18:46:00,Amazon,549.9113025692666
user_9,2024-01-05 17:21:00,Uber,639.6794214215759
user_4,2024-01-03 23:14:00,Target,564.8068282498093
user_7,2024-01-07 17:28:00,Amazon,477.0042526676746
user_2,2024-01-05 09:35:00,eBay,673.9421835764354
user_10,2024-01-09 09:17:00,Netflix,248.0656981218787
user_6,2024-01-16 21:26:00,eBay,780.964111117391
user_6,2024-01-20 22:58:00,Target,511.36612179793195
user_6,2024-01-30 05:27:00,Apple,144.9622164894439
user_3,2024-01-24 12:38:00,Uber,667.0503200016212
user_10,2024-01-14 12:27:00,Starbucks,569.6117999777554
user_7,2024-01-11 23:19:00,Walmart,328.81303016348306
user_5,2024-01-07 20:52:00,eBay,643.8286892921117
user_1,2024-01-04 00:44:00,eBay,288.5685083357464
user_4,2024-01-09 08:15:00,Amazon,876.3917165922315
user_3,2024-01-08 19:34:00,eBay,462.18201668158883
user_9,2024-01-08 05:20:00,Apple,304.3227971059581
user_7,2024-01-13 01:26:00,Starbucks,534.1034203802825
user_10,2024-01-22 05:58:00,eBay,86.35945060235863
user_9,2024-01-01 07:46:00,Netflix,617.4875244807644
user_3,2024-01-11 15:06:00,Walmart,866.6540203387145
user_2,2024-01-17 06:19:00,Netflix,196.91942890110474
user_5,2024-01-07 15:10:00,Target,26.744361261237668
user_4,2024-01-25 21:28:00,Target,218.49653819249446
user_3,2024-01-14 00:11:00,Starbucks,739.6428680657293
user_9,2024-01-21 20:41:00,Apple,947.6352195962071
user_2,2024-01-04 20:54:00,Target,865.5250005385769
user_7,2024-01-06 15:18:00,eBay,900.9624691634273
user_8,2024-01-19 01:52:00,Starbucks,485.6729079160835
user_3,2024-01-19 08:12:00,Target,727.9452685497292
user_10,2024-01-15 01:04:00,Uber,560.4197067384143
user_3,2024-01-27 17:41:00,eBay,900.0729232186585
user_4,2024-01-26 16:13:00,Walmart,143.33575880613776
user_1,2024-01-27 19:06:00,Amazon,361.6582168611317
user_3,2024-01-11 07:37:00,eBay,884.407791033466
user_10,2024-01-01 21:22:00,Apple,44.131628522421494
user_4,2024-01-23 05:31:00,Uber,965.6721839270712
user_3,2024-01-27 21:18:00,Amazon,442.57038350616193
user_4,2024-01-10 21:04:00,eBay,929.7335981769978
user_7,2024-01-03 21:56:00,Netflix,516.353269078289
user_7,2024-01-18 16:18:00,Walmart,150.6625426207956
user_7,2024-01-27 08:31:00,Apple,94.47853922655389
user_2,2024-01-30 22:22:00,Uber,761.5447268314465
user_8,2024-01-12 00:45:00,Starbucks,179.76446822714112
user_7,2024-01-18 06:42:00,Amazon,49.29352704505888
user_6,2024-01-30 21:58:00,Apple,357.72198098352595
user_1,2024-01-08 18:05:00,Amazon,755.7570701929982
user_3,2024-01-28 06:07:00,Uber,134.9871291205876
user_10,2024-01-04 03:31:00,Uber,64.71879198667037
user_8,2024-01-15 01:59:00,eBay,784.4746258043314
user_7,2024-01-12 05:00:00,Walmart,190.13601613539984
user_7,2024-01-22 14:39:00,Netflix,134.84304896736992
user_5,2024-01-07 05:19:00,Netflix,65.10997567439475
user_6,2024-01-10 06:43:00,Target,364.75624788599384
user_1,2024-01-08 21:50:00,Starbucks,727.5736039329208
user_2,2024-01-20 09:42:00,eBay,757.1583799912914
user_2,2024-01-26 11:11:00,Apple,902.1472457952772
user_9,2024-01-15 06:20:00,Starbucks,376.23347691889757
user_9,2024-01-30 15:31:00,Target,761.4039647044276
user_4,2024-01-19 23:17:00,eBay,578.8348229344923
user_8,2024-01-17 01:20:00,Uber,178.45439809307746
user_7,2024-01-10 05:45:00,eBay,845.2591932567026
user_8,2024-01-13 09:45:00,Walmart,885.5720310143762
user_9,2024-01-30 20:27:00,Apple,355.67120480729517
user_2,2024-01-06 03:39:00,eBay,560.2798190477595
user_8,2024-01-17 07:32:00,Amazon,798.8727360128128
user_1,2024-01-15 10:29:00,eBay,821.7022609023937
user_4,2024-01-04 01:34:00,eBay,334.541704597669
user_7,2024-01-14 00:23:00,Uber,16.36794370521414
user_3,2024-01-21 13:07:00,Walmart,113.4596646978269
user_3,2024-01-12 00:15:00,eBay,170.04156668398073
user_1,2024-01-21 23:23:00,Netflix,825.7116373622747
user_1,2024-01-16 20:52:00,Netflix,904.3572281813532
user_1,2024-01-05 08:47:00,Netflix,490.64986769176664
user_5,2024-01-24 20:26:00,Starbucks,255.71614719375046
user_3,2024-01-31 14:00:00,Walmart,244.34629296356954
user_8,2024-01-28 15:07:00,Uber,436.8004074812797
user_7,2024-01-18 18:53:00,eBay,15.220296777900133
user_4,2024-01-28 21:06:00,Apple,696.7310950646433
user_6,2024-01-02 10:11:00,Apple,598.4544545681172
user_1,2024-01-23 00:50:00,Amazon,342.4720585716343
user_6,2024-01-07 03:12:00,Apple,672.8480969420281
user_1,2024-01-31 12:01:00,Uber,394.75827731578147
user_9,2024-01-13 06:04:00,eBay,273.7899236330878
user_6,2024-01-29 20:49:00,eBay,182.8810529350542
user_6,2024-01-05 23:19:00,Netflix,450.789429920472
user_5,2024-01-10 23:35:00,Target,659.9552692040812
user_1,2024-01-12 13:20:00,Uber,124.78300650354564
user_7,2024-01-29 08:24:00,Walmart,559.0063803751859
user_1,2024-01-10 23:20:00,eBay,873.4765148299894
user_10,2024-01-10 16:38:00,Amazon,442.2143914836851
user_5,2024-01-04 03:16:00,Amazon,704.7802339297186
user_10,2024-01-31 20:19:00,Amazon,947.0598592867933
user_7,2024-01-23 08:03:00,Walmart,669.5008630868075
user_3,2024-01-13 11:12:00,Uber,654.8046162365322
user_6,2024-01-24 23:19:00,Amazon,742.5323596198052
user_4,2024-01-10 20:23:00,Target,85.14081244185947
user_6,2024-01-28 23:45:00,Apple,921.8683615585377
user_2,2024-01-20 00:07:00,Uber,549.7724640443956
user_6,2024-01-25 02:06:00,Netflix,830.8918409923452
user_8,2024-01-25 21:05:00,Starbucks,145.79702266267333
user_1,2024-01-17 00:25:00,eBay,767.2423591444553
user_8,2024-01-16 20:46:00,Apple,247.36416337518
user_1,2024-01-14 09:02:00,eBay,411.06952544380334
user_6,2024-01-01 11:06:00,Target,751.6022161473549
user_7,2024-01-20 22:41:00,Netflix,366.7644425429032
user_1,2024-01-02 21:44:00,Target,106.55616310536179
user_6,2024-01-22 14:22:00,Uber,436.2620425922672
user_3,2024-01-08 05:45:00,Apple,762.1638175310566
user_3,2024-01-15 06:47:00,Target,855.2880971131278
user_5,2024-01-19 21:06:00,eBay,270.2375847153897
user_3,2024-01-28 07:15:00,eBay,392.29361629568376
user_6,2024-01-01 09:22:00,Apple,667.7077303194523
user_5,2024-01-19 18:03:00,Amazon,729.4439199288436
user_4,2024-01-27 01:43:00,Uber,396.76354827622924
user_5,2024-01-27 14:40:00,Walmart,634.4663673781654
user_7,2024-01-30 04:31:00,Target,925.9278377261428
user_5,2024-01-05 23:38:00,Walmart,776.0643878751983
user_1,2024-01-01 11:17:00,Target,615.4308735157742
user_3,2024-01-29 03:41:00,Starbucks,860.3161390135068
user_2,2024-01-05 01:59:00,Uber,862.7531306809501
user_10,2024-01-30 03:15:00,Amazon,269.790415102919
user_1,2024-01-24 17:28:00,Netflix,918.0950759632065
user_4,2024-01-24 05:19:00,Netflix,778.9419727896931
user_8,2024-01-25 17:47:00,eBay,366.3871674960354
user_2,2024-01-04 06:56:00,Target,772.2037594628753
user_7,2024-01-24 05:43:00,eBay,396.84459931764155
user_4,2024-01-18 16:36:00,Netflix,964.0192236158554
user_5,2024-01-28 06:17:00,eBay,493.95674234994493
user_9,2024-01-01 15:02:00,Netflix,744.3126285751293
user_1,2024-01-26 01:55:00,Amazon,17.340150431261176
user_8,2024-01-16 16:05:00,Uber,553.0013748600837
user_4,2024-01-21 04:55:00,Starbucks,25.047624602652405
user_7,2024-01-03 19:31:00,Starbucks,316.72254090598193
user_1,2024-01-29 05:44:00,Target,882.5655649203312
user_1,2024-01-05 00:10:00,Apple,528.5922320480017
user_4,2024-01-21 09:18:00,Target,565.1074861418333
user_6,2024-01-17 06:19:00,Walmart,931.2628922897554
user_2,2024-01-13 19:10:00,Starbucks,599.0896988382312
user_7,2024-01-12 12:06:00,Amazon,639.5969050275197
user_2,2024-01-18 07:06:00,eBay,718.4968513400609
user_1,2024-01-08 08:49:00,Uber,128.32346491234824
user_3,2024-01-26 17:31:00,Walmart,274.0760479458268
user_1,2024-01-19 15:39:00,Netflix,805.279601538201
user_4,2024-01-31 15:13:00,Netflix,914.6537774623763
user_1,2024-01-19 17:15:00,Amazon,689.3207743727588
user_7,2024-01-08 05:04:00,Target,577.7941030770415
user_8,2024-01-14 14:34:00,Netflix,316.49382917321446
user_5,2024-01-24 01:43:00,Target,15.402087463221392
user_3,2024-01-01 20:47:00,Uber,36.71117390028036
user_7,2024-01-31 07:50:00,Walmart,712.0567524514346
user_10,2024-01-07 09:01:00,Target,337.1812139085147
user_6,2024-01-23 02:07:00,Apple,456.8607991676322
user_7,2024-01-17 18:52:00,Walmart,290.90523111854577
user_8,2024-01-04 21:35:00,Walmart,405.1703579004427
user_2,2024-01-16 01:33:00,eBay,999.4474424089274
user_5,2024-01-19 18:47:00,Starbucks,694.6738958655064
user_5,2024-01-20 14:05:00,eBay,856.5399417414951
user_5,2024-01-27 05:55:00,Target,681.0559233547357
user_10,2024-01-16 01:12:00,Starbucks,41.43005948813212
user_10,2024-01-20 23:38:00,Uber,731.3508263188145
user_4,2024-01-17 03:17:00,eBay,159.67505169963448
user_8,2024-01-27 03:20:00,Netflix,739.8395025646854
user_4,2024-01-28 17:35:00,Apple,459.26837466749646
user_1,2024-01-06 02:31:00,Starbucks,647.0158387886189
user_6,2024-01-18 21:08:00,Walmart,704.2176871335628
user_10,2024-01-10 02:07:00,Netflix,470.1106363868602
user_7,2024-01-27 03:41:00,Starbucks,402.5715703726274
user_7,2024-01-07 18:52:00,Starbucks,753.359909627344
user_1,2024-01-10 16:33:00,Uber,423.8930272087935
user_8,2024-01-31 13:21:00,Target,490.6515630244739
user_8,2024-01-14 11:19:00,Target,521.1079670994562
user_1,2024-01-30 23:49:00,Target,295.3739485689177
user_5,2024-01-30 09:37:00,Target,899.4448339946686
user_6,2024-01-10 06:08:00,eBay,366.6919666038421
user_8,2024-01-29 02:59:00,Uber,559.2345562315082
user_10,2024-01-30 02:00:00,Starbucks,533.5914760269335
user_10,2024-01-12 23:26:00,Starbucks,765.9029729222977
user_1,2024-01-14 07:09:00,Starbucks,931.7809647325217
user_8,2024-01-23 04:05:00,Starbucks,649.7808108360579
user_8,2024-01-05 02:17:00,Uber,516.6245893269518
user_7,2024-01-19 08:19:00,eBay,957.6707588255935
user_2,2024-01-16 19:49:00,Apple,887.14786561472
user_6,2024-01-05 01:22:00,Netflix,739.581510664511
user_4,2024-01-31 13:09:00,Uber,202.58565481775616
user_9,2024-01-19 10:55:00,Starbucks,546.7651756609758
user_10,2024-01-16 12:27:00,Uber,874.0614606615698
user_6,2024-01-01 22:54:00,Uber,176.9560514908459
user_7,2024-01-26 02:28:00,Netflix,427.433949689176
user_6,2024-01-31 06:57:00,Amazon,97.29946080857914
user_4,2024-01-26 14:39:00,Netflix,532.5961409822376
user_1,2024-01-28 15:53:00,Apple,849.9454037401863
user_1,2024-01-13 17:11:00,Amazon,552.6099195257638
user_3,2024-01-27 05:02:00,eBay,261.9080762954227
user_8,2024-01-07 05:26:00,Uber,698.3686856949115
user_2,2024-01-12 14:29:00,Netflix,383.0918335298949
user_3,2024-01-11 07:10:00,eBay,93.23704083205548
user_7,2024-01-29 19:27:00,Netflix,505.94076316109727
user_6,2024-01-21 12:48:00,Walmart,567.7559670282939
user_2,2024-01-30 06:44:00,Uber,162.77801212740812
user_10,2024-01-23 22:25:00,Apple,576.9268193624905
user_4,2024-01-21 02:49:00,Uber,163.9857847170968
user_1,2024-01-29 00:22:00,Amazon,103.53196042301073
user_10,2024-01-23 06:29:00,Walmart,613.4965754603558
user_2,2024-01-16 19:55:00,eBay,687.9895106375301
user_10,2024-01-17 07:12:00,Apple,286.08054658340393
user_1,2024-01-11 16:44:00,Netflix,114.97784876143554
user_9,2024-01-06 18:04:00,Starbucks,653.2130261692139
user_10,2024-01-08 16:55:00,eBay,882.9313521458378
user_2,2024-01-22 19:34:00,Walmart,163.32739756424945
user_3,2024-01-24 15:57:00,Amazon,930.0268480145058
user_4,2024-01-14 09:47:00,Apple,893.112828131093
user_3,2024-01-01 08:11:00,Uber,744.1928818944347
user_7,2024-01-10 05:15:00,Netflix,197.14607007250422
user_9,2024-01-22 20:15:00,Starbucks,284.594053954507
user_1,2024-01-04 07:35:00,Walmart,920.7964013575504
user_8,2024-01-01 16:41:00,eBay,888.6298952493696
user_3,2024-01-09 06:51:00,Walmart,125.38444102869937
user_10,2024-01-03 19:21:00,Amazon,846.7833385922789
user_7,2024-01-13 23:37:00,Amazon,696.7947224788143
user_1,2024-01-13 21:31:00,Apple,773.8097103198618
user_4,2024-01-01 00:50:00,Amazon,167.2082775446706
user_2,2024-01-26 01:53:00,Walmart,301.46272043355987
user_1,2024-01-14 21:20:00,Uber,353.3664965804488
user_1,2024-01-30 11:29:00,Walmart,499.00896939784644
user_1,2024-01-24 03:42:00,Apple,427.60707160119193
user_9,2024-01-28 13:18:00,Apple,734.0361576976707
user_10,2024-01-25 09:55:00,eBay,784.8622129549952
user_6,2024-01-12 07:04:00,Target,331.8199022451963
user_4,2024-01-11 12:04:00,Target,477.6495232889807
user_4,2024-01-26 07:41:00,eBay,816.4483155627655
user_7,2024-01-22 03:51:00,Walmart,678.8422385467812
user_8,2024-01-05 20:15:00,Uber,992.9785597011607
user_5,2024-01-24 00:52:00,Netflix,484.2967845936903
user_6,2024-01-05 10:27:00,Apple,699.7767320494844
user_4,2024-01-13 15:36:00,Target,134.66951277448484
user_7,2024-01-22 13:45:00,Amazon,817.9532404512313
user_6,2024-01-11 01:16:00,Netflix,978.7645603168115
user_10,2024-01-11 02:53:00,Walmart,856.7985987776987
user_7,2024-01-22 20:58:00,Amazon,261.63545500579033
user_4,2024-01-26 13:43:00,Amazon,927.7363513663046
user_8,2024-01-08 18:13:00,Uber,347.45526702352817
user_4,2024-01-13 23:01:00,Netflix,248.28567631426833
user_8,2024-01-24 17:29:00,Apple,269.8729823735145
user_10,2024-01-05 02:04:00,Starbucks,65.17552303654998
user_2,2024-01-17 15:18:00,Uber,344.7871715698472
user_1,2024-01-09 12:28:00,Apple,355.15921092806633
user_5,2024-01-06 05:11:00,Uber,629.8482017501658
user_4,2024-01-11 16:11:00,Target,352.30961498152845
user_1,2024-01-03 01:07:00,Starbucks,681.5815031364411
user_5,2024-01-02 03:56:00,Apple,207.2252786134545
user_10,2024-01-01 05:16:00,Target,571.2473756962904
user_9,2024-01-08 21:05:00,Walmart,738.3862892734629
user_4,2024-01-05 15:11:00,Amazon,935.5078798772985
user_8,2024-01-29 11:39:00,Uber,852.790812405862
user_7,2024-01-03 21:07:00,Starbucks,824.7688832259762
user_9,2024-01-20 07:45:00,Netflix,981.194629861533
user_7,2024-01-18 02:43:00,Netflix,116.24913153448865
user_3,2024-01-08 02:30:00,Uber,422.6591701420702
user_4,2024-01-12 22:50:00,Netflix,843.3229419570293
user_4,2024-01-19 00:49:00,eBay,737.4090095417137
user_3,2024-01-11 11:44:00,Uber,757.5856996840934
user_5,2024-01-13 14:31:00,eBay,578.0257360212622
user_10,2024-01-28 07:38:00,Walmart,774.6954665489335
user_9,2024-01-10 11:20:00,Amazon,171.41360039724572
user_7,2024-01-28 10:16:00,Netflix,57.65873984870566
user_6,2024-01-17 00:57:00,Amazon,804.1847758958706
user_4,2024-01-19 15:12:00,Apple,623.5328953804471
user_4,2024-01-12 04:24:00,Apple,54.52541230301871
user_1,2024-01-06 22:27:00,Target,493.90411112707653
user_1,2024-01-01 00:28:00,Uber,451.29128008541966
user_10,2024-01-12 11:16:00,eBay,646.6741915265592
user_7,2024-01-18 20:14:00,Walmart,492.4390872191779
user_10,2024-01-07 03:32:00,Netflix,472.6827188201997
user_2,2024-01-28 12:51:00,Netflix,306.78521250947614
user_3,2024-01-28 17:48:00,Apple,258.5599873485605
user_2,2024-01-20 08:16:00,eBay,633.8190881886258
user_7,2024-01-18 05:15:00,Netflix,65.86810161652323
user_9,2024-01-24 10:47:00,Uber,16.831356829183434
user_5,2024-01-07 00:45:00,Netflix,683.191633766708
user_3,2024-01-19 09:17:00,eBay,959.2869306740196
user_2,2024-01-30 01:32:00,Uber,76.38043156139427
user_3,2024-01-22 18:25:00,Apple,547.4118833598501
user_7,2024-01-05 13:40:00,Amazon,733.4247585271161
user_5,2024-01-24 09:19:00,eBay,26.829690939781486
user_2,2024-01-26 13:42:00,Starbucks,695.7477818067433
user_5,2024-01-07 22:05:00,Walmart,980.4630427946631
user_8,2024-01-13 10:41:00,Amazon,107.31283742769568
user_3,2024-01-12 22:00:00,Uber,399.8587195448318
user_4,2024-01-01 10:46:00,Netflix,376.40313139493225
user_7,2024-01-31 22:04:00,Apple,525.8879736123603
user_3,2024-01-10 08:27:00,Apple,634.837280970338
user_5,2024-01-02 21:48:00,Target,479.2335450389878
user_10,2024-01-13 13:57:00,Netflix,177.96295332401743
user_7,2024-01-06 01:32:00,Target,965.1687344646314
user_5,2024-01-30 23:25:00,Walmart,467.5149243974188
user_7,2024-01-15 23:49:00,Walmart,969.020354382479
user_9,2024-01-21 11:19:00,Target,179.3933748610959
user_3,2024-01-12 11:11:00,Target,852.6628746043536
user_7,2024-01-17 12:02:00,Uber,911.3067698169698
user_4,2024-01-15 15:42:00,eBay,382.65500466695795
user_3,2024-01-03 04:57:00,Starbucks,52.536865726794005
user_2,2024-01-04 04:25:00,Starbucks,983.1237184275623
user_1,2024-01-26 21:39:00,Amazon,562.2062228954308
user_4,2024-01-09 13:00:00,Uber,696.9873650885936
user_3,2024-01-13 13:52:00,Target,649.556449810133
user_6,2024-01-15 20:04:00,eBay,612.0225453656926
user_1,2024-01-27 02:25:00,Apple,229.96269147975548
user_1,2024-01-19 21:47:00,Netflix,112.23413816327972
user_6,2024-01-10 16:41:00,Netflix,804.8135779036737
user_5,2024-01-01 17:25:00,Uber,582.3531946539946
user_9,2024-01-11 22:26:00,Walmart,723.7880531796015
user_4,2024-01-22 10:46:00,Uber,127.92913830063073
user_9,2024-01-22 19:46:00,Amazon,491.89633394725416
user_9,2024-01-16 13:26:00,Amazon,690.2640589811693
user_1,2024-01-20 11:53:00,Target,766.3013433288961
user_7,2024-01-18 00:36:00,Netflix,88.20803646074202
user_9,2024-01-06 16:32:00,Netflix,425.87393889542676
user_8,2024-01-24 17:56:00,Apple,422.04591751074065
user_2,2024-01-19 00:21:00,Starbucks,166.09974031530135
user_1,2024-01-04 14:30:00,Apple,218.0386414683987
user_10,2024-01-20 05:13:00,Apple,109.53989362046605
user_6,2024-01-18 03:24:00,Starbucks,446.5799162947615
user_2,2024-01-06 11:24:00,Netflix,960.7233751847626
user_6,2024-01-26 00:38:00,Apple,933.2365283944303
user_1,2024-01-06 23:26:00,Apple,461.20902139163775
user_9,2024-01-30 08:57:00,eBay,186.39560380623445
user_7,2024-01-20 09:56:00,Netflix,932.6224250803754
user_7,2024-01-18 02:29:00,Uber,514.916126636781
user_1,2024-01-14 01:28:00,Target,370.13772328492985
user_1,2024-01-30 18:18:00,Uber,264.0971295647973
user_3,2024-01-28 06:58:00,Amazon,35.58894608814469
user_8,2024-01-27 04:16:00,Walmart,800.1903464781773
user_9,2024-01-28 09:33:00,Apple,214.53074962245745
user_6,2024-01-22 17:35:00,Uber,518.7678442423244
user_2,2024-01-06 16:03:00,Walmart,803.3926095629915
user_8,2024-01-28 13:42:00,Uber,432.1141496872214
user_9,2024-01-09 09:24:00,eBay,539.2675166352335
user_5,2024-01-07 10:18:00,Starbucks,866.0112894848015
user_8,2024-01-25 06:50:00,Walmart,869.3142172869116
user_8,2024-01-15 08:50:00,Walmart,200.09196803960114
user_10,2024-01-24 19:13:00,Amazon,141.11959112865463
user_1,2024-01-12 11:44:00,Target,574.2809979727739
user_5,2024-01-11 23:52:00,Uber,237.2247872777389
user_4,2024-01-01 07:32:00,Starbucks,463.3297775107316
user_1,2024-01-25 04:35:00,Walmart,313.71342780113
user_8,2024-01-11 03:02:00,Target,72.81769964292882
user_9,2024-01-10 15:06:00,Starbucks,898.5327798702037
user_2,2024-01-04 13:27:00,Amazon,318.37904579341983
user_2,2024-01-03 17:07:00,Netflix,202.87632841064294
user_3,2024-01-31 19:22:00,eBay,339.0388516022446
user_10,2024-01-20 16:42:00,Amazon,461.79964397060627
user_1,2024-01-06 08:36:00,Uber,245.42830585410954
user_7,2024-01-31 02:26:00,Starbucks,940.1617512112791
user_7,2024-01-05 06:50:00,Target,404.4075212415546
user_10,2024-01-17 10:27:00,Walmart,13.683524466376122
user_7,2024-01-12 22:21:00,eBay,557.5640529222975
user_9,2024-01-15 08:58:00,Uber,907.0626805044301
user_2,2024-01-22 05:39:00,Target,227.99313097882603
user_5,2024-01-12 02:56:00,eBay,103.91751654119759
user_7,2024-01-20 19:44:00,eBay,140.62708655943177
user_7,2024-01-19 20:40:00,Netflix,660.1103489778721
user_6,2024-01-31 02:06:00,eBay,605.8987446295173
user_9,2024-01-27 17:31:00,Apple,415.5504736137595
user_2,2024-01-26 06:18:00,Starbucks,517.2757188900256
user_4,2024-01-24 19:34:00,Walmart,983.4057310614035
user_9,2024-01-28 22:30:00,Target,750.4486915351821
user_7,2024-01-05 16:12:00,Amazon,793.4355448281723
user_6,2024-01-29 14:30:00,eBay,670.0171980854576
user_1,2024-01-18 23:54:00,Amazon,587.6169291533078
user_2,2024-01-24 04:46:00,Amazon,673.0922764034373
user_7,2024-01-18 08:17:00,Amazon,198.5118910286576
user_10,2024-01-19 09:44:00,Apple,105.17148008083383
user_5,2024-01-26 18:35:00,Netflix,582.6320673921341
user_5,2024-01-10 19:34:00,Uber,142.98084156458202
user_9,2024-01-06 18:31:00,eBay,212.47293462286623
user_2,2024-01-02 11:56:00,Uber,862.8724320738434
user_10,2024-01-13 18:44:00,eBay,378.06319909751795
user_10,2024-01-25 19:23:00,Netflix,72.4548595478127
user_5,2024-01-29 04:21:00,Walmart,746.5161398272846
user_3,2024-01-19 07:03:00,Target,48.47423928177014
user_4,2024-01-06 02:11:00,Target,414.98278713538036
user_5,2024-01-13 08:49:00,Walmart,862.1167942511859
user_3,2024-01-07 08:11:00,Starbucks,87.33660093045842
user_4,2024-01-02 03:42:00,Amazon,156.66938403682056
user_4,2024-01-11 17:50:00,Target,232.49512984478653
user_9,2024-01-31 10:13:00,Netflix,751.8527550440559
user_7,2024-01-05 18:35:00,Target,867.8987354237944
user_5,2024-01-15 18:05:00,Uber,812.8782617693577
